is_sudoku,num_vars_dpll,num_vars_walksat
0,87.07844905320108,87.07844905320108
1,783.8571428571429,783.8571428571429
