is_sudoku,runtime_dpll,runtime_walksat,faster_solver
0,0.25040604147880974,1.3114633904418396,DPLL
1,0.2501028571428571,1.4752714285714286,DPLL
